,Date,Price
0,4/4/2025,$82.10
1,4/3/2025,$88.26
2,4/2/2025,$99.41
3,4/1/2025,$98.23
4,3/31/2025,$98.09
5,3/28/2025,$97.73
6,3/27/2025,$98.85
7,3/26/2025,$97.97
8,3/25/2025,$95.88
9,3/24/2025,$95.72
10,3/21/2025,$97.07
11,3/20/2025,$99.28
12,3/19/2025,$99.19
13,3/18/2025,$98.28
14,3/17/2025,$99.08
15,3/14/2025,$98.11
16,3/13/2025,$96.04
17,3/12/2025,$98.69
18,3/11/2025,$99.58
19,3/10/2025,$101.13
20,3/7/2025,$106.48
21,3/6/2025,$105.47
22,3/5/2025,$111.69
23,3/4/2025,$112.06
24,3/3/2025,$115.41
25,2/28/2025,$115.81
26,2/27/2025,$114.49
27,2/26/2025,$113.00
28,2/25/2025,$114.59
29,2/24/2025,$113.19
30,2/21/2025,$111.75
31,2/20/2025,$113.34
32,2/19/2025,$112.49
33,2/18/2025,$113.03
34,2/14/2025,$112.55
35,2/13/2025,$113.00
36,2/12/2025,$113.04
37,2/11/2025,$111.03
38,2/10/2025,$111.45
39,2/7/2025,$112.20
40,2/6/2025,$111.70
41,2/5/2025,$112.25
42,2/4/2025,$110.60
43,2/3/2025,$108.16
44,1/31/2025,$107.68
45,1/30/2025,$109.00
46,1/29/2025,$108.58
47,1/28/2025,$100.41
48,1/27/2025,$100.02
49,1/24/2025,$98.81
50,1/23/2025,$97.99
51,1/22/2025,$97.73
52,1/21/2025,$97.98
53,1/17/2025,$95.13
54,1/16/2025,$94.43
55,1/15/2025,$93.08
56,1/14/2025,$93.07
57,1/13/2025,$93.51
58,1/10/2025,$92.25
59,1/8/2025,$92.60
60,1/7/2025,$92.84
61,1/6/2025,$93.13
62,1/3/2025,$92.58
63,1/2/2025,$92.17
64,12/31/2024,$91.25
65,12/30/2024,$90.58
66,12/27/2024,$92.25
67,12/26/2024,$91.86
68,12/24/2024,$89.91
69,12/23/2024,$87.44
70,12/20/2024,$87.97
71,12/19/2024,$88.76
72,12/18/2024,$89.90
73,12/17/2024,$92.09
74,12/16/2024,$93.12
75,12/13/2024,$97.42
76,12/12/2024,$97.82
77,12/11/2024,$98.42
78,12/10/2024,$98.16
79,12/9/2024,$99.31
80,12/6/2024,$100.11
81,12/5/2024,$99.23
82,12/4/2024,$100.70
83,12/3/2024,$101.57
84,12/2/2024,$101.51
85,11/29/2024,$102.46
86,11/27/2024,$101.51
87,11/26/2024,$100.68
88,11/25/2024,$101.84
89,11/22/2024,$102.50
90,11/21/2024,$100.06
91,11/20/2024,$98.26
92,11/19/2024,$98.35
93,11/18/2024,$100.40
94,11/15/2024,$98.42
95,11/14/2024,$99.23
96,11/13/2024,$99.80
97,11/12/2024,$98.80
98,11/11/2024,$100.31
99,11/8/2024,$97.55
100,11/7/2024,$96.12
101,11/6/2024,$96.08
102,11/5/2024,$97.09
103,11/4/2024,$97.03
104,11/1/2024,$98.87
105,10/31/2024,$97.70
106,10/30/2024,$97.32
107,10/29/2024,$97.39
108,10/28/2024,$98.02
109,10/25/2024,$97.31
110,10/24/2024,$97.15
111,10/23/2024,$97.65
112,10/22/2024,$96.82
113,10/21/2024,$96.45
114,10/18/2024,$96.84
115,10/17/2024,$95.27
116,10/16/2024,$95.46
117,10/15/2024,$95.04
118,10/14/2024,$94.76
119,10/11/2024,$95.55
120,10/10/2024,$93.88
121,10/9/2024,$95.88
122,10/8/2024,$96.21
123,10/7/2024,$96.09
124,10/4/2024,$96.58
125,10/3/2024,$95.56
126,10/2/2024,$96.50
127,10/1/2024,$97.43
128,9/30/2024,$97.49
129,9/27/2024,$97.36
130,9/26/2024,$97.47
131,9/25/2024,$95.62
132,9/24/2024,$94.45
133,9/23/2024,$95.48
134,9/20/2024,$96.05
135,9/19/2024,$96.90
136,9/18/2024,$96.12
137,9/17/2024,$96.44
138,9/16/2024,$96.31
139,9/13/2024,$98.57
140,9/12/2024,$99.28
141,9/11/2024,$98.20
142,9/10/2024,$93.34
143,9/9/2024,$92.21
144,9/6/2024,$91.15
145,9/5/2024,$91.56
146,9/4/2024,$92.33
147,9/3/2024,$93.18
148,8/30/2024,$94.57
149,8/29/2024,$94.86
150,8/28/2024,$95.30
151,8/27/2024,$98.60
152,8/26/2024,$95.63
153,8/23/2024,$94.02
154,8/22/2024,$92.43
155,8/21/2024,$92.78
156,8/20/2024,$93.01
157,8/19/2024,$92.30
158,8/16/2024,$94.81
159,8/15/2024,$94.88
160,8/14/2024,$93.90
161,8/13/2024,$95.90
162,8/12/2024,$77.03
163,8/9/2024,$75.09
164,8/8/2024,$75.75
165,8/7/2024,$75.29
166,8/6/2024,$75.37
167,8/5/2024,$73.86
168,8/2/2024,$75.88
169,8/1/2024,$75.11
170,7/31/2024,$77.95
171,7/30/2024,$75.94
172,7/29/2024,$75.20
173,7/26/2024,$74.05
174,7/25/2024,$73.32
175,7/24/2024,$74.68
176,7/23/2024,$76.26
177,7/22/2024,$76.55
178,7/19/2024,$79.27
179,7/18/2024,$74.19
180,7/17/2024,$75.10
181,7/16/2024,$75.51
182,7/15/2024,$72.75
183,7/12/2024,$74.83
184,7/11/2024,$73.30
185,7/10/2024,$72.51
186,7/9/2024,$72.75
187,7/8/2024,$74.57
188,7/5/2024,$76.05
189,7/3/2024,$76.26
190,7/2/2024,$76.83
191,7/1/2024,$77.13
192,6/28/2024,$77.85
193,6/27/2024,$79.24
194,6/26/2024,$79.15
195,6/25/2024,$79.28
196,6/24/2024,$79.73
197,6/21/2024,$79.91
198,6/20/2024,$79.72
199,6/18/2024,$80.20
200,6/17/2024,$81.33
201,6/14/2024,$79.65
202,6/13/2024,$80.24
203,6/12/2024,$79.38
204,6/11/2024,$79.89
205,6/10/2024,$81.60
206,6/7/2024,$81.43
207,6/6/2024,$81.47
208,6/5/2024,$81.16
209,6/4/2024,$82.79
210,6/3/2024,$82.08
211,5/31/2024,$80.22
212,5/30/2024,$78.76
213,5/29/2024,$76.88
214,5/28/2024,$77.48
215,5/24/2024,$78.87
216,5/23/2024,$78.31
217,5/22/2024,$80.72
218,5/21/2024,$77.72
219,5/20/2024,$77.54
220,5/17/2024,$77.85
221,5/16/2024,$75.28
222,5/15/2024,$75.70
223,5/14/2024,$75.63
224,5/13/2024,$76.18
225,5/10/2024,$76.11
226,5/9/2024,$75.68
227,5/8/2024,$73.50
228,5/7/2024,$72.50
229,5/6/2024,$72.90
230,5/3/2024,$73.11
231,5/2/2024,$74.93
232,5/1/2024,$74.44
233,4/30/2024,$88.49
234,4/29/2024,$88.33
235,4/26/2024,$88.25
236,4/25/2024,$87.84
237,4/24/2024,$88.75
238,4/23/2024,$87.87
239,4/22/2024,$88.18
240,4/19/2024,$87.61
241,4/18/2024,$87.15
242,4/17/2024,$86.21
243,4/16/2024,$85.42
244,4/15/2024,$85.17
245,4/12/2024,$84.92
246,4/11/2024,$85.90
247,4/10/2024,$85.95
248,4/9/2024,$87.13
249,4/8/2024,$87.19
250,4/5/2024,$86.85
251,4/4/2024,$87.62
252,4/3/2024,$88.70
253,4/2/2024,$89.30
254,4/1/2024,$91.53
255,3/28/2024,$91.39
256,3/27/2024,$91.50
257,3/26/2024,$90.36
258,3/25/2024,$90.67
259,3/22/2024,$90.71
260,3/21/2024,$91.66
261,3/20/2024,$92.60
262,3/19/2024,$91.59
263,3/18/2024,$91.01
264,3/15/2024,$90.12
265,3/14/2024,$91.66
266,3/13/2024,$91.61
267,3/12/2024,$92.40
268,3/11/2024,$92.07
269,3/8/2024,$91.06
270,3/7/2024,$90.95
271,3/6/2024,$91.65
272,3/5/2024,$91.22
273,3/4/2024,$92.46
274,3/1/2024,$93.16
275,2/29/2024,$94.90
276,2/28/2024,$93.00
277,2/27/2024,$94.13
278,2/26/2024,$94.28
279,2/23/2024,$95.62
280,2/22/2024,$95.78
281,2/21/2024,$95.02
282,2/20/2024,$93.46
283,2/16/2024,$93.22
284,2/15/2024,$93.22
285,2/14/2024,$94.07
286,2/13/2024,$93.87
287,2/12/2024,$95.47
288,2/9/2024,$97.30
289,2/8/2024,$96.59
290,2/7/2024,$95.31
291,2/6/2024,$95.67
292,2/5/2024,$92.51
293,2/2/2024,$92.99
294,2/1/2024,$93.37
295,1/31/2024,$93.03
296,1/30/2024,$94.08
297,1/29/2024,$93.80
298,1/26/2024,$92.80
299,1/25/2024,$92.61
300,1/24/2024,$92.04
301,1/23/2024,$91.97
302,1/22/2024,$93.07
303,1/19/2024,$93.86
304,1/18/2024,$93.34
305,1/17/2024,$91.77
306,1/16/2024,$92.70
307,1/12/2024,$91.98
308,1/11/2024,$92.94
309,1/10/2024,$93.50
310,1/9/2024,$93.09
311,1/8/2024,$94.19
312,1/5/2024,$92.99
313,1/4/2024,$93.55
314,1/3/2024,$93.23
315,1/2/2024,$93.67
316,12/29/2023,$96.01
317,12/28/2023,$95.93
318,12/27/2023,$95.29
319,12/26/2023,$95.67
320,12/22/2023,$95.28
321,12/21/2023,$95.33
322,12/20/2023,$94.71
323,12/19/2023,$97.72
324,12/18/2023,$96.56
325,12/15/2023,$96.75
326,12/14/2023,$97.84
327,12/13/2023,$98.11
328,12/12/2023,$98.15
329,12/11/2023,$98.12
330,12/8/2023,$96.61
331,12/7/2023,$96.44
332,12/6/2023,$97.02
333,12/5/2023,$95.54
334,12/4/2023,$97.60
335,12/1/2023,$99.20
336,11/30/2023,$99.30
337,11/29/2023,$99.85
338,11/28/2023,$101.18
339,11/27/2023,$102.36
340,11/24/2023,$102.78
341,11/22/2023,$103.44
342,11/21/2023,$103.69
343,11/20/2023,$104.30
344,11/17/2023,$105.57
345,11/16/2023,$107.21
346,11/15/2023,$106.03
347,11/14/2023,$105.60
348,11/13/2023,$103.51
349,11/10/2023,$104.33
350,11/9/2023,$102.23
351,11/8/2023,$104.30
352,11/7/2023,$103.68
353,11/6/2023,$104.03
354,11/3/2023,$102.65
355,11/2/2023,$100.01
356,11/1/2023,$91.35
357,10/31/2023,$92.24
358,10/30/2023,$93.15
359,10/27/2023,$92.02
360,10/26/2023,$92.67
361,10/25/2023,$94.00
362,10/24/2023,$94.62
363,10/23/2023,$94.20
364,10/20/2023,$94.19
365,10/19/2023,$94.42
366,10/18/2023,$93.75
367,10/17/2023,$94.18
368,10/16/2023,$93.65
369,10/13/2023,$91.48
370,10/12/2023,$91.42
371,10/11/2023,$91.95
372,10/10/2023,$93.18
373,10/9/2023,$92.68
374,10/6/2023,$92.85
375,10/5/2023,$92.37
376,10/4/2023,$91.15
377,10/3/2023,$89.48
378,10/2/2023,$91.13
379,9/29/2023,$91.27
380,9/28/2023,$91.08
381,9/27/2023,$91.17
382,9/26/2023,$92.00
383,9/25/2023,$92.74
384,9/22/2023,$93.68
385,9/21/2023,$93.10
386,9/20/2023,$95.16
387,9/19/2023,$95.29
388,9/18/2023,$96.76
389,9/15/2023,$96.23
390,9/14/2023,$97.16
391,9/13/2023,$96.93
392,9/12/2023,$96.24
393,9/11/2023,$95.67
394,9/8/2023,$95.28
395,9/7/2023,$95.10
396,9/6/2023,$95.95
397,9/5/2023,$96.84
398,9/1/2023,$98.00
399,8/31/2023,$97.44
400,8/30/2023,$99.24
401,8/29/2023,$99.15
402,8/28/2023,$97.04
403,8/25/2023,$95.48
404,8/24/2023,$94.83
405,8/23/2023,$95.18
406,8/22/2023,$96.07
407,8/21/2023,$96.46
408,8/18/2023,$97.23
409,8/17/2023,$96.57
410,8/16/2023,$98.98
411,8/15/2023,$100.04
412,8/14/2023,$101.01
413,8/11/2023,$100.99
414,8/10/2023,$101.66
415,8/9/2023,$99.92
416,8/8/2023,$100.70
417,8/7/2023,$101.74
418,8/4/2023,$100.68
419,8/3/2023,$102.33
420,8/2/2023,$102.13
421,8/1/2023,$101.26
422,7/31/2023,$101.57
423,7/28/2023,$101.25
424,7/27/2023,$100.78
425,7/26/2023,$101.73
426,7/25/2023,$102.92
427,7/24/2023,$102.78
428,7/21/2023,$102.82
429,7/20/2023,$100.88
430,7/19/2023,$101.83
431,7/18/2023,$100.76
432,7/17/2023,$100.93
433,7/14/2023,$101.61
434,7/13/2023,$101.60
435,7/12/2023,$101.14
436,7/11/2023,$100.09
437,7/10/2023,$99.13
438,7/7/2023,$96.05
439,7/6/2023,$96.20
440,7/5/2023,$98.46
441,7/3/2023,$99.15
442,6/30/2023,$99.06
443,6/29/2023,$98.68
444,6/28/2023,$98.61
445,6/27/2023,$98.72
446,6/26/2023,$98.23
447,6/23/2023,$98.34
448,6/22/2023,$100.85
449,6/21/2023,$101.87
450,6/20/2023,$101.27
451,6/16/2023,$101.87
452,6/15/2023,$101.38
453,6/14/2023,$100.66
454,6/13/2023,$99.26
455,6/12/2023,$98.46
456,6/9/2023,$97.96
457,6/8/2023,$99.15
458,6/7/2023,$97.92
459,6/6/2023,$98.22
460,6/5/2023,$99.93
461,6/2/2023,$99.50
462,6/1/2023,$97.52
463,5/31/2023,$97.64
464,5/30/2023,$97.75
465,5/26/2023,$98.53
466,5/25/2023,$98.44
467,5/24/2023,$99.61
468,5/23/2023,$100.34
469,5/22/2023,$102.90
470,5/19/2023,$105.51
471,5/18/2023,$107.09
472,5/17/2023,$105.69
473,5/16/2023,$105.28
474,5/15/2023,$106.64
475,5/12/2023,$106.12
476,5/11/2023,$105.63
477,5/10/2023,$106.97
478,5/9/2023,$106.71
479,5/8/2023,$107.17
480,5/5/2023,$107.21
481,5/4/2023,$104.72
482,5/3/2023,$103.96
483,5/2/2023,$114.46
484,5/1/2023,$114.56
485,4/28/2023,$114.29
486,4/27/2023,$112.75
487,4/26/2023,$111.47
488,4/25/2023,$109.34
489,4/24/2023,$109.29
490,4/21/2023,$108.19
491,4/20/2023,$107.05
492,4/19/2023,$107.16
493,4/18/2023,$107.91
494,4/17/2023,$108.31
495,4/14/2023,$107.47
496,4/13/2023,$106.99
497,4/12/2023,$105.60
498,4/11/2023,$105.74
499,4/10/2023,$104.74
500,4/6/2023,$104.68
501,4/5/2023,$104.90
502,4/4/2023,$104.00
503,4/3/2023,$104.85
504,3/31/2023,$104.13
505,3/30/2023,$101.32
506,3/29/2023,$100.62
507,3/28/2023,$98.72
508,3/27/2023,$98.66
509,3/24/2023,$98.34
510,3/23/2023,$98.42
511,3/22/2023,$99.12
512,3/21/2023,$100.54
513,3/20/2023,$99.85
514,3/17/2023,$98.70
515,3/16/2023,$100.43
516,3/15/2023,$99.34
517,3/14/2023,$99.46
518,3/13/2023,$99.08
519,3/10/2023,$99.38
520,3/9/2023,$100.30
521,3/8/2023,$102.50
522,3/7/2023,$103.34
523,3/6/2023,$104.99
524,3/3/2023,$104.55
525,3/2/2023,$103.01
526,3/1/2023,$101.43
527,2/28/2023,$102.09
528,2/27/2023,$102.44
529,2/24/2023,$101.60
530,2/23/2023,$103.51
531,2/22/2023,$104.77
532,2/21/2023,$104.78
533,2/17/2023,$107.10
534,2/16/2023,$107.54
535,2/15/2023,$109.00
536,2/14/2023,$107.98
537,2/13/2023,$108.52
538,2/10/2023,$107.09
539,2/9/2023,$106.05
540,2/8/2023,$106.30
541,2/7/2023,$106.83
542,2/6/2023,$105.02
543,2/3/2023,$104.30
544,2/2/2023,$109.15
545,2/1/2023,$109.99
546,1/31/2023,$109.14
547,1/30/2023,$108.40
548,1/27/2023,$109.02
549,1/26/2023,$108.76
550,1/25/2023,$106.98
551,1/24/2023,$106.64
552,1/23/2023,$106.21
553,1/20/2023,$105.04
554,1/19/2023,$104.26
555,1/18/2023,$105.00
556,1/17/2023,$106.75
557,1/13/2023,$107.23
558,1/12/2023,$105.85
559,1/11/2023,$106.30
560,1/10/2023,$106.00
561,1/9/2023,$104.74
562,1/6/2023,$106.69
563,1/5/2023,$104.43
564,1/4/2023,$104.46
565,1/3/2023,$100.83
566,12/30/2022,$99.20
567,12/29/2022,$99.77
568,12/28/2022,$98.60
569,12/27/2022,$99.20
570,12/23/2022,$98.27
571,12/22/2022,$97.76
572,12/21/2022,$98.67
573,12/20/2022,$98.00
574,12/19/2022,$98.30
575,12/16/2022,$98.83
576,12/15/2022,$99.99
577,12/14/2022,$102.19
578,12/13/2022,$102.11
579,12/12/2022,$102.70
580,12/9/2022,$101.79
581,12/8/2022,$103.74
582,12/7/2022,$101.87
583,12/6/2022,$102.08
584,12/5/2022,$103.55
585,12/2/2022,$105.05
586,12/1/2022,$103.37
587,11/30/2022,$102.20
588,11/29/2022,$98.66
589,11/28/2022,$98.66
590,11/25/2022,$99.56
591,11/23/2022,$99.52
592,11/22/2022,$98.43
593,11/21/2022,$98.32
594,11/18/2022,$97.95
595,11/17/2022,$96.97
596,11/16/2022,$97.07
597,11/15/2022,$97.83
598,11/14/2022,$97.42
599,11/11/2022,$97.38
600,11/10/2022,$96.26
601,11/9/2022,$91.63
602,11/8/2022,$92.75
603,11/7/2022,$90.45
604,11/4/2022,$91.86
605,11/3/2022,$84.68
606,11/2/2022,$84.58
607,11/1/2022,$87.10
608,10/31/2022,$86.59
609,10/28/2022,$87.10
610,10/27/2022,$85.28
611,10/26/2022,$85.89
612,10/25/2022,$85.21
613,10/24/2022,$83.76
614,10/21/2022,$88.61
615,10/20/2022,$86.79
616,10/19/2022,$87.52
617,10/18/2022,$88.96
618,10/17/2022,$88.90
619,10/14/2022,$86.37
620,10/13/2022,$89.37
621,10/12/2022,$86.87
622,10/11/2022,$86.21
623,10/10/2022,$87.06
624,10/7/2022,$87.03
625,10/6/2022,$89.35
626,10/5/2022,$90.12
627,10/4/2022,$88.51
628,10/3/2022,$85.62
629,9/30/2022,$84.26
630,9/29/2022,$86.57
631,9/28/2022,$87.11
632,9/27/2022,$84.28
633,9/26/2022,$84.81
634,9/23/2022,$84.17
635,9/22/2022,$84.70
636,9/21/2022,$88.60
637,9/20/2022,$90.79
638,9/19/2022,$92.14
639,9/16/2022,$91.31
640,9/15/2022,$92.22
641,9/14/2022,$92.70
642,9/13/2022,$87.84
643,9/12/2022,$89.07
644,9/9/2022,$88.69
645,9/8/2022,$89.46
646,9/7/2022,$88.31
647,9/6/2022,$84.52
648,9/2/2022,$82.94
649,9/1/2022,$85.40
650,8/31/2022,$84.07
651,8/30/2022,$83.41
652,8/29/2022,$84.12
653,8/26/2022,$84.06
654,8/25/2022,$87.39
655,8/24/2022,$86.05
656,8/23/2022,$84.69
657,8/22/2022,$84.95
658,8/19/2022,$86.92
659,8/18/2022,$88.55
660,8/17/2022,$88.35
661,8/16/2022,$89.40
662,8/15/2022,$89.16
663,8/12/2022,$88.31
664,8/11/2022,$87.27
665,8/10/2022,$86.49
666,8/9/2022,$84.84
667,8/8/2022,$85.72
668,8/5/2022,$85.73
669,8/4/2022,$86.88
670,8/3/2022,$87.27
671,8/2/2022,$83.71
672,8/1/2022,$84.91
673,7/29/2022,$84.78
674,7/28/2022,$84.67
675,7/27/2022,$82.96
676,7/26/2022,$80.31
677,7/25/2022,$81.50
678,7/22/2022,$83.59
679,7/21/2022,$83.54
680,7/20/2022,$83.27
681,7/19/2022,$82.55
682,7/18/2022,$80.23
683,7/15/2022,$79.62
684,7/14/2022,$78.20
685,7/13/2022,$77.92
686,7/12/2022,$77.76
687,7/11/2022,$77.90
688,7/8/2022,$79.28
689,7/7/2022,$79.24
690,7/6/2022,$78.86
691,7/5/2022,$79.52
692,7/1/2022,$79.26
693,6/30/2022,$76.39
694,6/29/2022,$76.43
695,6/28/2022,$76.34
696,6/27/2022,$77.68
697,6/24/2022,$78.11
698,6/23/2022,$75.20
699,6/22/2022,$73.30
700,6/21/2022,$72.96
701,6/17/2022,$71.87
702,6/16/2022,$70.95
703,6/15/2022,$74.19
704,6/14/2022,$72.31
705,6/13/2022,$72.36
706,6/10/2022,$75.67
707,6/9/2022,$78.91
708,6/8/2022,$78.47
709,6/7/2022,$79.47
710,6/6/2022,$78.98
711,6/3/2022,$79.05
712,6/2/2022,$79.42
713,6/1/2022,$76.28
714,5/31/2022,$78.50
715,5/27/2022,$76.71
716,5/26/2022,$74.49
717,5/25/2022,$72.48
718,5/24/2022,$72.72
719,5/23/2022,$73.42
720,5/20/2022,$73.39
721,5/19/2022,$71.93
722,5/18/2022,$71.28
723,5/17/2022,$73.72
724,5/16/2022,$72.42
725,5/13/2022,$75.60
726,5/12/2022,$69.90
727,5/11/2022,$70.06
728,5/10/2022,$71.86
729,5/9/2022,$73.49
730,5/6/2022,$76.52
731,5/5/2022,$77.48
732,5/4/2022,$81.64
733,5/3/2022,$74.33
734,5/2/2022,$75.37
735,4/29/2022,$74.64
736,4/28/2022,$76.58
737,4/27/2022,$74.74
738,4/26/2022,$75.63
739,4/25/2022,$77.98
740,4/22/2022,$77.92
741,4/21/2022,$78.96
742,4/20/2022,$80.17
743,4/19/2022,$81.22
744,4/18/2022,$79.60
745,4/14/2022,$79.50
746,4/13/2022,$80.92
747,4/12/2022,$79.79
748,4/11/2022,$80.68
749,4/8/2022,$81.52
750,4/7/2022,$83.12
751,4/6/2022,$83.36
752,4/5/2022,$84.12
753,4/4/2022,$88.09
754,4/1/2022,$91.49
755,3/31/2022,$90.97
756,3/30/2022,$91.03
757,3/29/2022,$91.23
758,3/28/2022,$88.38
759,3/25/2022,$87.45
760,3/24/2022,$87.12
761,3/23/2022,$86.22
762,3/22/2022,$87.89
763,3/21/2022,$86.86
764,3/18/2022,$89.60
765,3/17/2022,$87.66
766,3/16/2022,$87.41
767,3/15/2022,$83.12
768,3/14/2022,$79.29
769,3/11/2022,$82.73
770,3/10/2022,$87.16
771,3/9/2022,$87.60
772,3/8/2022,$84.00
773,3/7/2022,$84.46
774,3/4/2022,$90.03
775,3/3/2022,$91.53
776,3/2/2022,$92.77
777,3/1/2022,$90.14
778,2/28/2022,$91.79
779,2/25/2022,$92.58
780,2/24/2022,$91.01
781,2/23/2022,$89.65
782,2/22/2022,$93.11
783,2/18/2022,$93.34
784,2/17/2022,$93.05
785,2/16/2022,$95.18
786,2/15/2022,$94.51
787,2/14/2022,$93.65
788,2/11/2022,$93.73
789,2/10/2022,$95.31
790,2/9/2022,$97.13
791,2/8/2022,$94.92
792,2/7/2022,$95.19
793,2/4/2022,$95.00
794,2/3/2022,$95.94
795,2/2/2022,$97.73
796,2/1/2022,$98.76
797,1/31/2022,$98.32
798,1/28/2022,$97.21
799,1/27/2022,$95.32
800,1/26/2022,$95.58
801,1/25/2022,$97.01
802,1/24/2022,$98.10
803,1/21/2022,$96.31
804,1/20/2022,$95.72
805,1/19/2022,$96.87
806,1/18/2022,$97.73
807,1/14/2022,$100.12
808,1/13/2022,$102.40
809,1/12/2022,$103.87
810,1/11/2022,$104.04
811,1/10/2022,$106.03
812,1/7/2022,$107.57
813,1/6/2022,$111.14
814,1/5/2022,$110.44
815,1/4/2022,$114.24
816,1/3/2022,$116.68
817,12/31/2021,$116.97
818,12/30/2021,$116.24
819,12/29/2021,$116.38
820,12/28/2021,$115.57
821,12/27/2021,$114.22
822,12/23/2021,$112.37
823,12/22/2021,$111.74
824,12/21/2021,$110.37
825,12/20/2021,$108.09
826,12/17/2021,$108.63
827,12/16/2021,$113.59
828,12/15/2021,$114.68
829,12/14/2021,$114.71
830,12/13/2021,$115.56
831,12/10/2021,$116.73
832,12/9/2021,$115.35
833,12/8/2021,$116.25
834,12/7/2021,$116.26
835,12/6/2021,$113.36
836,12/3/2021,$111.24
837,12/2/2021,$111.42
838,12/1/2021,$108.66
839,11/30/2021,$109.64
840,11/29/2021,$110.73
841,11/26/2021,$110.66
842,11/24/2021,$113.97
843,11/23/2021,$113.58
844,11/22/2021,$111.45
845,11/19/2021,$110.78
846,11/18/2021,$112.90
847,11/17/2021,$112.52
848,11/16/2021,$112.23
849,11/15/2021,$111.87
850,11/12/2021,$111.72
851,11/11/2021,$111.44
852,11/10/2021,$113.25
853,11/9/2021,$114.13
854,11/8/2021,$115.16
855,11/5/2021,$116.91
856,11/4/2021,$112.16
857,11/3/2021,$112.61
858,11/2/2021,$111.45
859,11/1/2021,$109.80
860,10/29/2021,$106.07
861,10/28/2021,$113.20
862,10/27/2021,$113.51
863,10/26/2021,$114.92
864,10/25/2021,$114.71
865,10/22/2021,$114.55
866,10/21/2021,$114.44
867,10/20/2021,$113.86
868,10/19/2021,$113.49
869,10/18/2021,$113.37
870,10/15/2021,$111.45
871,10/14/2021,$111.87
872,10/13/2021,$110.76
873,10/12/2021,$111.00
874,10/11/2021,$110.94
875,10/8/2021,$111.22
876,10/7/2021,$112.21
877,10/6/2021,$111.64
878,10/5/2021,$110.85
879,10/4/2021,$111.46
880,10/1/2021,$112.92
881,9/30/2021,$110.31
882,9/29/2021,$112.17
883,9/28/2021,$111.71
884,9/27/2021,$113.68
885,9/24/2021,$114.11
886,9/23/2021,$114.14
887,9/22/2021,$113.07
888,9/21/2021,$112.22
889,9/20/2021,$111.82
890,9/17/2021,$113.41
891,9/16/2021,$114.67
892,9/15/2021,$114.64
893,9/14/2021,$118.86
894,9/13/2021,$119.18
895,9/10/2021,$119.34
896,9/9/2021,$118.79
897,9/8/2021,$118.04
898,9/7/2021,$115.79
899,9/3/2021,$117.19
900,9/2/2021,$117.37
901,9/1/2021,$117.45
902,8/31/2021,$117.49
903,8/30/2021,$115.61
904,8/27/2021,$115.12
905,8/26/2021,$114.32
906,8/25/2021,$115.57
907,8/24/2021,$115.08
908,8/23/2021,$115.15
909,8/20/2021,$114.63
910,8/19/2021,$114.32
911,8/18/2021,$115.68
912,8/17/2021,$116.57
913,8/16/2021,$117.54
914,8/13/2021,$116.76
915,8/12/2021,$115.75
916,8/11/2021,$116.50
917,8/10/2021,$116.39
918,8/9/2021,$117.94
919,8/6/2021,$119.05
920,8/5/2021,$119.03
921,8/4/2021,$118.25
922,8/3/2021,$119.13
923,8/2/2021,$120.37
924,7/30/2021,$121.43
925,7/29/2021,$122.38
926,7/28/2021,$122.41
927,7/27/2021,$126.03
928,7/26/2021,$126.06
929,7/23/2021,$125.97
930,7/22/2021,$122.63
931,7/21/2021,$119.27
932,7/20/2021,$117.42
933,7/19/2021,$115.32
934,7/16/2021,$118.73
935,7/15/2021,$118.97
936,7/14/2021,$119.80
937,7/13/2021,$119.55
938,7/12/2021,$118.46
939,7/9/2021,$117.47
940,7/8/2021,$115.99
941,7/7/2021,$117.14
942,7/6/2021,$115.73
943,7/2/2021,$114.97
944,7/1/2021,$113.41
945,6/30/2021,$111.81
946,6/29/2021,$112.27
947,6/28/2021,$112.24
948,6/25/2021,$113.04
949,6/24/2021,$111.99
950,6/23/2021,$111.56
951,6/22/2021,$111.85
952,6/21/2021,$110.97
953,6/18/2021,$109.70
954,6/17/2021,$111.39
955,6/16/2021,$111.36
956,6/15/2021,$111.89
957,6/14/2021,$112.45
958,6/11/2021,$112.56
959,6/10/2021,$112.21
960,6/9/2021,$111.39
961,6/8/2021,$111.52
962,6/7/2021,$111.33
963,6/4/2021,$111.99
964,6/3/2021,$111.12
965,6/2/2021,$113.00
966,6/1/2021,$113.34
967,5/28/2021,$113.88
968,5/27/2021,$113.51
969,5/26/2021,$112.85
970,5/25/2021,$112.63
971,5/24/2021,$112.52
972,5/21/2021,$110.92
973,5/20/2021,$111.41
974,5/19/2021,$109.67
975,5/18/2021,$111.07
976,5/17/2021,$110.98
977,5/14/2021,$111.20
978,5/13/2021,$110.49
979,5/12/2021,$109.79
980,5/11/2021,$113.55
981,5/10/2021,$114.30
982,5/7/2021,$114.34
983,5/6/2021,$114.74
984,5/5/2021,$113.48
985,5/4/2021,$114.11
986,5/3/2021,$115.72
987,4/30/2021,$114.49
988,4/29/2021,$114.63
989,4/28/2021,$112.40
990,4/27/2021,$116.15
991,4/26/2021,$115.92
992,4/23/2021,$117.56
993,4/22/2021,$115.92
994,4/21/2021,$116.74
995,4/20/2021,$116.27
996,4/19/2021,$117.60
997,4/16/2021,$118.34
998,4/15/2021,$116.66
999,4/14/2021,$115.16
1000,4/13/2021,$115.36
1001,4/12/2021,$113.81
1002,4/9/2021,$113.18
1003,4/8/2021,$113.04
1004,4/7/2021,$113.19
1005,4/6/2021,$113.15
1006,4/5/2021,$111.02
1007,4/1/2021,$109.38
1008,3/31/2021,$109.27
1009,3/30/2021,$110.27
1010,3/29/2021,$109.13
1011,3/26/2021,$109.90
1012,3/25/2021,$107.35
1013,3/24/2021,$104.97
1014,3/23/2021,$106.25
1015,3/22/2021,$107.57
1016,3/19/2021,$106.34
1017,3/18/2021,$107.62
1018,3/17/2021,$110.46
1019,3/16/2021,$111.34
1020,3/15/2021,$108.90
1021,3/12/2021,$107.81
1022,3/11/2021,$107.32
1023,3/10/2021,$107.78
1024,3/9/2021,$106.55
1025,3/8/2021,$105.03
1026,3/5/2021,$105.20
1027,3/4/2021,$104.89
1028,3/3/2021,$106.22
1029,3/2/2021,$107.20
1030,3/1/2021,$106.87
1031,2/26/2021,$108.03
1032,2/25/2021,$103.47
1033,2/24/2021,$104.38
1034,2/23/2021,$101.37
1035,2/22/2021,$101.81
1036,2/19/2021,$103.37
1037,2/18/2021,$104.97
1038,2/17/2021,$104.44
1039,2/16/2021,$106.15
1040,2/12/2021,$105.30
1041,2/11/2021,$105.86
1042,2/10/2021,$105.87
1043,2/9/2021,$106.22
1044,2/8/2021,$106.26
1045,2/5/2021,$106.48
1046,2/4/2021,$103.64
1047,2/3/2021,$101.02
1048,2/2/2021,$101.65
1049,2/1/2021,$98.58
1050,1/29/2021,$96.81
1051,1/28/2021,$98.15
1052,1/27/2021,$97.87
1053,1/26/2021,$104.69
1054,1/25/2021,$103.45
1055,1/22/2021,$103.91
1056,1/21/2021,$104.58
1057,1/20/2021,$105.46
1058,1/19/2021,$102.54
1059,1/15/2021,$102.33
1060,1/14/2021,$101.82
1061,1/13/2021,$102.89
1062,1/12/2021,$102.82
1063,1/11/2021,$104.60
1064,1/8/2021,$105.67
1065,1/7/2021,$103.35
1066,1/6/2021,$104.19
1067,1/5/2021,$103.44
1068,1/4/2021,$103.10
1069,12/31/2020,$106.98
1070,12/30/2020,$105.97
1071,12/29/2020,$105.63
1072,12/28/2020,$104.34
1073,12/24/2020,$102.01
1074,12/23/2020,$102.06
1075,12/22/2020,$102.41
1076,12/21/2020,$102.94
1077,12/18/2020,$103.28
1078,12/17/2020,$103.21
1079,12/16/2020,$103.27
1080,12/15/2020,$104.18
1081,12/14/2020,$103.32
1082,12/11/2020,$103.00
1083,12/10/2020,$105.39
1084,12/9/2020,$100.40
1085,12/8/2020,$101.21
1086,12/7/2020,$101.41
1087,12/4/2020,$102.28
1088,12/3/2020,$100.11
1089,12/2/2020,$98.91
1090,12/1/2020,$98.82
1091,11/30/2020,$98.02
1092,11/27/2020,$98.66
1093,11/25/2020,$98.20
1094,11/24/2020,$98.30
1095,11/23/2020,$96.88
1096,11/20/2020,$97.01
1097,11/19/2020,$97.76
1098,11/18/2020,$97.91
1099,11/17/2020,$98.60
1100,11/16/2020,$97.78
1101,11/13/2020,$95.56
1102,11/12/2020,$93.53
1103,11/11/2020,$95.04
1104,11/10/2020,$93.92
1105,11/9/2020,$95.88
1106,11/6/2020,$90.65
1107,11/5/2020,$90.62
1108,11/4/2020,$89.79
1109,11/3/2020,$88.39
1110,11/2/2020,$85.97
1111,10/30/2020,$86.96
1112,10/29/2020,$88.30
1113,10/28/2020,$87.17
1114,10/27/2020,$90.05
1115,10/26/2020,$89.66
1116,10/23/2020,$90.80
1117,10/22/2020,$89.36
1118,10/21/2020,$88.27
1119,10/20/2020,$88.51
1120,10/19/2020,$87.60
1121,10/16/2020,$88.52
1122,10/15/2020,$88.83
1123,10/14/2020,$89.31
1124,10/13/2020,$90.16
1125,10/12/2020,$90.78
1126,10/9/2020,$90.01
1127,10/8/2020,$89.53
1128,10/7/2020,$88.45
1129,10/6/2020,$87.01
1130,10/5/2020,$88.47
1131,10/2/2020,$86.57
1132,10/1/2020,$86.74
1133,9/30/2020,$85.92
1134,9/29/2020,$84.80
1135,9/28/2020,$86.07
1136,9/25/2020,$84.30
1137,9/24/2020,$83.04
1138,9/23/2020,$82.99
1139,9/22/2020,$83.95
1140,9/21/2020,$83.89
1141,9/18/2020,$84.95
1142,9/17/2020,$86.75
1143,9/16/2020,$88.38
1144,9/15/2020,$87.71
1145,9/14/2020,$86.63
1146,9/11/2020,$85.27
1147,9/10/2020,$84.88
1148,9/9/2020,$85.86
1149,9/8/2020,$85.41
1150,9/4/2020,$86.27
1151,9/3/2020,$86.48
1152,9/2/2020,$88.35
1153,9/1/2020,$86.05
1154,8/31/2020,$84.47
1155,8/28/2020,$85.00
1156,8/27/2020,$83.41
1157,8/26/2020,$82.41
1158,8/25/2020,$82.72
1159,8/24/2020,$78.68
1160,8/21/2020,$77.07
1161,8/20/2020,$77.22
1162,8/19/2020,$77.63
1163,8/18/2020,$78.99
1164,8/17/2020,$78.95
1165,8/14/2020,$78.37
1166,8/13/2020,$79.02
1167,8/12/2020,$79.29
1168,8/11/2020,$78.87
1169,8/10/2020,$77.47
1170,8/7/2020,$75.79
1171,8/6/2020,$75.66
1172,8/5/2020,$75.78
1173,8/4/2020,$75.13
1174,8/3/2020,$75.50
1175,7/31/2020,$76.53
1176,7/30/2020,$76.64
1177,7/29/2020,$77.42
1178,7/28/2020,$74.64
1179,7/27/2020,$76.46
1180,7/24/2020,$75.78
1181,7/23/2020,$75.36
1182,7/22/2020,$77.24
1183,7/21/2020,$75.44
1184,7/20/2020,$74.96
1185,7/17/2020,$74.16
1186,7/16/2020,$74.39
1187,7/15/2020,$75.61
1188,7/14/2020,$72.73
1189,7/13/2020,$72.65
1190,7/10/2020,$74.29
1191,7/9/2020,$73.57
1192,7/8/2020,$74.14
1193,7/7/2020,$74.25
1194,7/6/2020,$75.44
1195,7/2/2020,$73.78
1196,7/1/2020,$74.03
1197,6/30/2020,$73.59
1198,6/29/2020,$73.48
1199,6/26/2020,$71.57
1200,6/25/2020,$73.85
1201,6/24/2020,$73.64
1202,6/23/2020,$75.49
1203,6/22/2020,$75.40
1204,6/19/2020,$75.40
1205,6/18/2020,$76.31
1206,6/17/2020,$77.10
1207,6/16/2020,$77.84
1208,6/15/2020,$76.96
1209,6/12/2020,$76.38
1210,6/11/2020,$72.57
1211,6/10/2020,$79.01
1212,6/9/2020,$82.37
1213,6/8/2020,$83.56
1214,6/5/2020,$82.14
1215,6/4/2020,$78.74
1216,6/3/2020,$79.58
1217,6/2/2020,$77.78
1218,6/1/2020,$78.32
1219,5/29/2020,$77.99
1220,5/28/2020,$78.54
1221,5/27/2020,$78.60
1222,5/26/2020,$77.76
1223,5/22/2020,$77.62
1224,5/21/2020,$78.05
1225,5/20/2020,$77.76
1226,5/19/2020,$75.86
1227,5/18/2020,$76.23
1228,5/15/2020,$74.16
1229,5/14/2020,$74.19
1230,5/13/2020,$73.62
1231,5/12/2020,$74.35
1232,5/11/2020,$75.87
1233,5/8/2020,$77.87
1234,5/7/2020,$76.00
1235,5/6/2020,$72.96
1236,5/5/2020,$72.90
1237,5/4/2020,$71.89
1238,5/1/2020,$73.79
1239,4/30/2020,$76.73
1240,4/29/2020,$76.86
1241,4/28/2020,$78.69
1242,4/27/2020,$77.74
1243,4/24/2020,$75.58
1244,4/23/2020,$75.15
1245,4/22/2020,$77.45
1246,4/21/2020,$72.72
1247,4/20/2020,$75.32
1248,4/17/2020,$77.10
1249,4/16/2020,$73.51
1250,4/15/2020,$72.55
1251,4/14/2020,$73.67
1252,4/13/2020,$71.76
1253,4/9/2020,$73.88
1254,4/8/2020,$71.57
1255,4/7/2020,$68.71
1256,4/6/2020,$67.79
1257,4/3/2020,$63.05
1258,4/2/2020,$65.00
1259,4/1/2020,$62.62
1260,3/31/2020,$65.74
1261,3/30/2020,$67.86
1262,3/27/2020,$66.34
1263,3/26/2020,$69.90
1264,3/25/2020,$65.81
1265,3/24/2020,$64.88
1266,3/23/2020,$56.55
1267,3/20/2020,$58.03
1268,3/19/2020,$61.41
1269,3/18/2020,$56.33
1270,3/17/2020,$58.98
1271,3/16/2020,$58.59
1272,3/13/2020,$69.92
1273,3/12/2020,$62.10
1274,3/11/2020,$68.30
1275,3/10/2020,$74.87
1276,3/9/2020,$70.83
1277,3/6/2020,$75.34
1278,3/5/2020,$76.19
1279,3/4/2020,$79.67
1280,3/3/2020,$78.60
1281,3/2/2020,$82.38
1282,2/28/2020,$78.43
1283,2/27/2020,$78.29
1284,2/26/2020,$80.67
1285,2/25/2020,$82.19
1286,2/24/2020,$84.52
1287,2/21/2020,$87.36
1288,2/20/2020,$88.60
1289,2/19/2020,$90.14
1290,2/18/2020,$89.23
1291,2/14/2020,$89.28
1292,2/13/2020,$89.93
1293,2/12/2020,$88.57
1294,2/11/2020,$87.51
1295,2/10/2020,$87.53
1296,2/7/2020,$86.42
1297,2/6/2020,$86.15
1298,2/5/2020,$87.56
1299,2/4/2020,$88.38
1300,2/3/2020,$86.01
1301,1/31/2020,$84.83
1302,1/30/2020,$85.84
1303,1/29/2020,$86.72
1304,1/28/2020,$88.60
1305,1/27/2020,$88.73
1306,1/24/2020,$92.03
1307,1/23/2020,$93.75
1308,1/22/2020,$92.53
1309,1/21/2020,$92.53
1310,1/17/2020,$93.62
1311,1/16/2020,$92.58
1312,1/15/2020,$91.54
1313,1/14/2020,$90.99
1314,1/13/2020,$91.08
1315,1/10/2020,$90.16
1316,1/9/2020,$90.53
1317,1/8/2020,$88.88
1318,1/7/2020,$87.86
1319,1/6/2020,$88.13
1320,1/3/2020,$88.83
1321,1/2/2020,$89.35
1322,12/31/2019,$87.92
1323,12/30/2019,$87.44
1324,12/27/2019,$88.13
1325,12/26/2019,$88.08
1326,12/24/2019,$88.52
1327,12/23/2019,$88.23
1328,12/20/2019,$88.46
1329,12/19/2019,$88.52
1330,12/18/2019,$87.99
1331,12/17/2019,$88.13
1332,12/16/2019,$88.78
1333,12/13/2019,$88.67
1334,12/12/2019,$88.21
1335,12/11/2019,$86.59
1336,12/10/2019,$86.04
1337,12/9/2019,$86.28
1338,12/6/2019,$86.32
1339,12/5/2019,$84.45
1340,12/4/2019,$85.40
1341,12/3/2019,$84.82
1342,12/2/2019,$84.57
1343,11/29/2019,$85.43
1344,11/27/2019,$85.77
1345,11/26/2019,$84.56
1346,11/25/2019,$83.75
1347,11/22/2019,$83.02
1348,11/21/2019,$82.30
1349,11/20/2019,$83.60
1350,11/19/2019,$83.66
1351,11/18/2019,$84.02
1352,11/15/2019,$84.21
1353,11/14/2019,$84.38
1354,11/13/2019,$83.94
1355,11/12/2019,$83.32
1356,11/11/2019,$82.43
1357,11/8/2019,$81.77
1358,11/7/2019,$81.95
1359,11/6/2019,$82.99
1360,11/5/2019,$81.89
1361,11/4/2019,$82.37
1362,11/1/2019,$83.21
1363,10/31/2019,$84.56
1364,10/30/2019,$84.19
1365,10/29/2019,$84.13
1366,10/28/2019,$83.60
1367,10/25/2019,$83.38
1368,10/24/2019,$83.18
1369,10/23/2019,$82.74
1370,10/22/2019,$83.46
1371,10/21/2019,$85.35
1372,10/18/2019,$86.03
1373,10/17/2019,$86.29
1374,10/16/2019,$86.71
1375,10/15/2019,$86.45
1376,10/14/2019,$86.62
1377,10/11/2019,$86.36
1378,10/10/2019,$85.96
1379,10/9/2019,$85.85
1380,10/8/2019,$84.91
1381,10/7/2019,$85.85
1382,10/4/2019,$85.92
1383,10/3/2019,$84.67
1384,10/2/2019,$84.32
1385,10/1/2019,$86.51
1386,9/30/2019,$88.42
1387,9/27/2019,$88.37
1388,9/26/2019,$89.80
1389,9/25/2019,$90.35
1390,9/24/2019,$89.92
1391,9/23/2019,$90.81
1392,9/20/2019,$90.07
1393,9/19/2019,$91.56
1394,9/18/2019,$90.96
1395,9/17/2019,$90.75
1396,9/16/2019,$89.42
1397,9/13/2019,$90.48
1398,9/12/2019,$92.06
1399,9/11/2019,$90.98
1400,9/10/2019,$90.35
1401,9/9/2019,$94.16
1402,9/6/2019,$95.74
1403,9/5/2019,$95.56
1404,9/4/2019,$96.11
1405,9/3/2019,$96.77
1406,8/30/2019,$96.56
1407,8/29/2019,$97.70
1408,8/28/2019,$97.07
1409,8/27/2019,$96.09
1410,8/26/2019,$96.50
1411,8/23/2019,$94.70
1412,8/22/2019,$96.49
1413,8/21/2019,$96.32
1414,8/20/2019,$95.63
1415,8/19/2019,$96.66
1416,8/16/2019,$96.52
1417,8/15/2019,$95.53
1418,8/14/2019,$94.92
1419,8/13/2019,$96.63
1420,8/12/2019,$94.91
1421,8/9/2019,$96.30
1422,8/8/2019,$96.27
1423,8/7/2019,$95.22
1424,8/6/2019,$95.34
1425,8/5/2019,$93.70
1426,8/2/2019,$95.51
1427,8/1/2019,$95.38
1428,7/31/2019,$94.69
1429,7/30/2019,$96.65
1430,7/29/2019,$98.02
1431,7/26/2019,$99.11
1432,7/25/2019,$90.98
1433,7/24/2019,$90.65
1434,7/23/2019,$90.11
1435,7/22/2019,$90.92
1436,7/19/2019,$90.30
1437,7/18/2019,$91.50
1438,7/17/2019,$90.25
1439,7/16/2019,$90.08
1440,7/15/2019,$90.16
1441,7/12/2019,$89.77
1442,7/11/2019,$89.07
1443,7/10/2019,$88.38
1444,7/9/2019,$87.23
1445,7/8/2019,$87.44
1446,7/5/2019,$87.79
1447,7/3/2019,$87.79
1448,7/2/2019,$85.51
1449,7/1/2019,$84.55
1450,6/28/2019,$83.83
1451,6/27/2019,$83.56
1452,6/26/2019,$83.38
1453,6/25/2019,$84.25
1454,6/24/2019,$83.65
1455,6/21/2019,$83.82
1456,6/20/2019,$84.69
1457,6/19/2019,$83.81
1458,6/18/2019,$82.92
1459,6/17/2019,$83.02
1460,6/14/2019,$84.24
1461,6/13/2019,$83.35
1462,6/12/2019,$82.93
1463,6/11/2019,$82.37
1464,6/10/2019,$81.93
1465,6/7/2019,$82.48
1466,6/6/2019,$81.40
1467,6/5/2019,$79.96
1468,6/4/2019,$78.52
1469,6/3/2019,$76.22
1470,5/31/2019,$76.06
1471,5/30/2019,$76.17
1472,5/29/2019,$75.28
1473,5/28/2019,$75.70
1474,5/24/2019,$76.15
1475,5/23/2019,$76.41
1476,5/22/2019,$77.25
1477,5/21/2019,$77.53
1478,5/20/2019,$76.66
1479,5/17/2019,$78.91
1480,5/16/2019,$78.90
1481,5/15/2019,$77.76
1482,5/14/2019,$77.06
1483,5/13/2019,$76.68
1484,5/10/2019,$78.42
1485,5/9/2019,$77.90
1486,5/8/2019,$78.05
1487,5/7/2019,$77.96
1488,5/6/2019,$78.06
1489,5/3/2019,$78.05
1490,5/2/2019,$77.47
1491,5/1/2019,$77.52
1492,4/30/2019,$77.68
1493,4/29/2019,$76.91
1494,4/26/2019,$77.45
1495,4/25/2019,$77.11
1496,4/24/2019,$76.39
1497,4/23/2019,$75.99
1498,4/22/2019,$75.40
1499,4/18/2019,$76.06
1500,4/17/2019,$75.12
1501,4/16/2019,$75.70
1502,4/15/2019,$76.16
1503,4/12/2019,$76.65
1504,4/11/2019,$75.87
1505,4/10/2019,$75.48
1506,4/9/2019,$75.12
1507,4/8/2019,$75.20
1508,4/5/2019,$75.03
1509,4/4/2019,$74.35
1510,4/3/2019,$74.33
1511,4/2/2019,$74.27
1512,4/1/2019,$73.96
1513,3/29/2019,$74.34
1514,3/28/2019,$73.96
1515,3/27/2019,$72.74
1516,3/26/2019,$72.96
1517,3/25/2019,$72.30
1518,3/22/2019,$71.96
1519,3/21/2019,$72.26
1520,3/20/2019,$71.63
1521,3/19/2019,$71.38
1522,3/18/2019,$70.84
1523,3/15/2019,$70.67
1524,3/14/2019,$70.74
1525,3/13/2019,$70.10
1526,3/12/2019,$70.05
1527,3/11/2019,$69.68
1528,3/8/2019,$69.36
1529,3/7/2019,$70.61
1530,3/6/2019,$71.27
1531,3/5/2019,$71.58
1532,3/4/2019,$70.95
1533,3/1/2019,$70.85
1534,2/28/2019,$70.26
1535,2/27/2019,$70.15
1536,2/26/2019,$71.14
1537,2/25/2019,$71.05
1538,2/22/2019,$71.30
1539,2/21/2019,$70.70
1540,2/20/2019,$70.39
1541,2/19/2019,$70.20
1542,2/15/2019,$70.71
1543,2/14/2019,$70.84
1544,2/13/2019,$70.51
1545,2/12/2019,$69.75
1546,2/11/2019,$69.99
1547,2/8/2019,$69.75
1548,2/7/2019,$69.14
1549,2/6/2019,$68.85
1550,2/5/2019,$69.34
1551,2/4/2019,$67.58
1552,2/1/2019,$68.11
1553,1/31/2019,$68.14
1554,1/30/2019,$68.15
1555,1/29/2019,$67.04
1556,1/28/2019,$66.90
1557,1/25/2019,$67.09
1558,1/24/2019,$64.74
1559,1/23/2019,$66.43
1560,1/22/2019,$65.39
1561,1/18/2019,$64.70
1562,1/17/2019,$64.28
1563,1/16/2019,$63.77
1564,1/15/2019,$64.08
1565,1/14/2019,$63.37
1566,1/11/2019,$63.73
1567,1/10/2019,$64.19
1568,1/9/2019,$63.88
1569,1/8/2019,$63.62
1570,1/7/2019,$63.57
1571,1/4/2019,$63.57
1572,1/3/2019,$61.53
1573,1/2/2019,$64.32
1574,12/31/2018,$64.40
1575,12/28/2018,$63.39
1576,12/27/2018,$63.20
1577,12/26/2018,$63.08
1578,12/24/2018,$60.56
1579,12/21/2018,$61.39
1580,12/20/2018,$62.15
1581,12/19/2018,$64.06
1582,12/18/2018,$64.92
1583,12/17/2018,$64.47
1584,12/14/2018,$65.34
1585,12/13/2018,$66.91
1586,12/12/2018,$66.13
1587,12/11/2018,$65.92
1588,12/10/2018,$65.49
1589,12/7/2018,$65.47
1590,12/6/2018,$66.55
1591,12/4/2018,$66.65
1592,12/3/2018,$67.50
1593,11/30/2018,$66.72
1594,11/29/2018,$66.88
1595,11/28/2018,$66.82
1596,11/27/2018,$66.08
1597,11/26/2018,$65.69
1598,11/23/2018,$65.70
1599,11/21/2018,$66.77
1600,11/20/2018,$67.18
1601,11/19/2018,$67.91
1602,11/16/2018,$68.16
1603,11/15/2018,$67.62
1604,11/14/2018,$67.04
1605,11/13/2018,$67.41
1606,11/12/2018,$67.91
1607,11/9/2018,$68.60
1608,11/8/2018,$68.72
1609,11/7/2018,$68.16
1610,11/6/2018,$66.01
1611,11/5/2018,$64.48
1612,11/2/2018,$64.32
1613,11/1/2018,$58.63
1614,10/31/2018,$58.27
1615,10/30/2018,$58.59
1616,10/29/2018,$58.37
1617,10/26/2018,$58.07
1618,10/25/2018,$58.96
1619,10/24/2018,$58.06
1620,10/23/2018,$58.81
1621,10/22/2018,$58.90
1622,10/19/2018,$58.66
1623,10/18/2018,$58.64
1624,10/17/2018,$59.10
1625,10/16/2018,$57.81
1626,10/15/2018,$56.75
1627,10/12/2018,$56.45
1628,10/11/2018,$54.86
1629,10/10/2018,$56.01
1630,10/9/2018,$57.71
1631,10/8/2018,$56.54
1632,10/5/2018,$55.76
1633,10/4/2018,$55.89
1634,10/3/2018,$55.47
1635,10/2/2018,$55.59
1636,10/1/2018,$55.58
1637,9/28/2018,$56.84
1638,9/27/2018,$57.34
1639,9/26/2018,$57.27
1640,9/25/2018,$56.90
1641,9/24/2018,$56.69
1642,9/21/2018,$57.45
1643,9/20/2018,$56.43
1644,9/19/2018,$55.43
1645,9/18/2018,$55.07
1646,9/17/2018,$54.57
1647,9/14/2018,$54.75
1648,9/13/2018,$54.89
1649,9/12/2018,$54.97
1650,9/11/2018,$55.12
1651,9/10/2018,$54.97
1652,9/7/2018,$54.86
1653,9/6/2018,$54.21
1654,9/5/2018,$53.79
1655,9/4/2018,$53.53
1656,8/31/2018,$53.45
1657,8/30/2018,$53.10
1658,8/29/2018,$53.25
1659,8/28/2018,$53.05
1660,8/27/2018,$52.97
1661,8/24/2018,$52.75
1662,8/23/2018,$52.66
1663,8/22/2018,$52.82
1664,8/21/2018,$54.00
1665,8/20/2018,$53.92
1666,8/17/2018,$53.56
1667,8/16/2018,$53.04
1668,8/15/2018,$52.75
1669,8/14/2018,$52.59
1670,8/13/2018,$51.81
1671,8/10/2018,$51.51
1672,8/9/2018,$51.92
1673,8/8/2018,$51.55
1674,8/7/2018,$52.07
1675,8/6/2018,$52.07
1676,8/3/2018,$52.23
1677,8/2/2018,$51.68
1678,8/1/2018,$51.93
1679,7/31/2018,$52.39
1680,7/30/2018,$51.90
1681,7/27/2018,$52.15
1682,7/26/2018,$51.45
1683,7/25/2018,$51.62
1684,7/24/2018,$51.17
1685,7/23/2018,$51.19
1686,7/20/2018,$50.91
1687,7/19/2018,$51.34
1688,7/18/2018,$51.15
1689,7/17/2018,$51.28
1690,7/16/2018,$50.94
1691,7/13/2018,$51.62
1692,7/12/2018,$50.25
1693,7/11/2018,$50.14
1694,7/10/2018,$50.42
1695,7/9/2018,$49.90
1696,7/6/2018,$48.98
1697,7/5/2018,$48.61
1698,7/3/2018,$48.77
1699,7/2/2018,$49.06
1700,6/29/2018,$48.85
1701,6/28/2018,$48.54
1702,6/27/2018,$49.84
1703,6/26/2018,$50.38
1704,6/25/2018,$50.66
1705,6/22/2018,$51.24
1706,6/21/2018,$50.62
1707,6/20/2018,$52.22
1708,6/19/2018,$57.43
1709,6/18/2018,$57.22
1710,6/15/2018,$57.11
1711,6/14/2018,$57.02
1712,6/13/2018,$56.21
1713,6/12/2018,$56.48
1714,6/11/2018,$56.48
1715,6/8/2018,$56.60
1716,6/7/2018,$57.14
1717,6/6/2018,$57.17
1718,6/5/2018,$55.68
1719,6/4/2018,$57.07
1720,6/1/2018,$56.91
1721,5/31/2018,$56.67
1722,5/30/2018,$57.48
1723,5/29/2018,$57.23
1724,5/25/2018,$57.92
1725,5/24/2018,$57.68
1726,5/23/2018,$57.49
1727,5/22/2018,$56.96
1728,5/21/2018,$57.34
1729,5/18/2018,$57.16
1730,5/17/2018,$57.20
1731,5/16/2018,$57.15
1732,5/15/2018,$56.64
1733,5/14/2018,$57.13
1734,5/11/2018,$57.27
1735,5/10/2018,$57.65
1736,5/9/2018,$57.04
1737,5/8/2018,$57.67
1738,5/7/2018,$57.45
1739,5/4/2018,$57.68
1740,5/3/2018,$56.13
1741,5/2/2018,$56.70
1742,5/1/2018,$58.13
1743,4/30/2018,$57.57
1744,4/27/2018,$58.36
1745,4/26/2018,$59.38
1746,4/25/2018,$57.71
1747,4/24/2018,$57.81
1748,4/23/2018,$58.16
1749,4/20/2018,$58.00
1750,4/19/2018,$59.22
1751,4/18/2018,$59.50
1752,4/17/2018,$59.83
1753,4/16/2018,$59.43
1754,4/13/2018,$59.24
1755,4/12/2018,$59.43
1756,4/11/2018,$59.42
1757,4/10/2018,$59.41
1758,4/9/2018,$58.70
1759,4/6/2018,$58.34
1760,4/5/2018,$59.14
1761,4/4/2018,$58.83
1762,4/3/2018,$58.00
1763,4/2/2018,$56.24
1764,3/29/2018,$57.89
1765,3/28/2018,$57.90
1766,3/27/2018,$57.46
1767,3/26/2018,$57.80
1768,3/23/2018,$56.31
1769,3/22/2018,$57.77
1770,3/21/2018,$58.47
1771,3/20/2018,$58.66
1772,3/19/2018,$58.30
1773,3/16/2018,$59.00
1774,3/15/2018,$59.37
1775,3/14/2018,$58.83
1776,3/13/2018,$59.05
1777,3/12/2018,$59.40
1778,3/9/2018,$58.46
1779,3/8/2018,$57.47
1780,3/7/2018,$57.03
1781,3/6/2018,$57.03
1782,3/5/2018,$56.99
1783,3/2/2018,$56.93
1784,3/1/2018,$56.17
1785,2/28/2018,$57.10
1786,2/27/2018,$56.57
1787,2/26/2018,$57.17
1788,2/23/2018,$56.14
1789,2/22/2018,$55.40
1790,2/21/2018,$56.10
1791,2/20/2018,$55.97
1792,2/16/2018,$56.48
1793,2/15/2018,$56.58
1794,2/14/2018,$55.99
1795,2/13/2018,$55.67
1796,2/12/2018,$55.38
1797,2/9/2018,$54.58
1798,2/8/2018,$53.77
1799,2/7/2018,$54.46
1800,2/6/2018,$55.61
1801,2/5/2018,$54.69
1802,2/2/2018,$55.77
1803,2/1/2018,$56.00
1804,1/31/2018,$56.81
1805,1/30/2018,$57.19
1806,1/29/2018,$57.02
1807,1/26/2018,$57.99
1808,1/25/2018,$60.55
1809,1/24/2018,$60.83
1810,1/23/2018,$61.69
1811,1/22/2018,$61.41
1812,1/19/2018,$61.26
1813,1/18/2018,$61.09
1814,1/17/2018,$60.66
1815,1/16/2018,$60.56
1816,1/12/2018,$60.40
1817,1/11/2018,$60.00
1818,1/10/2018,$59.82
1819,1/9/2018,$59.18
1820,1/8/2018,$59.31
1821,1/5/2018,$59.61
1822,1/4/2018,$58.93
1823,1/3/2018,$58.71
1824,1/2/2018,$57.63
1825,12/29/2017,$57.43
1826,12/28/2017,$57.81
1827,12/27/2017,$57.27
1828,12/26/2017,$57.14
1829,12/22/2017,$57.30
1830,12/21/2017,$57.58
1831,12/20/2017,$57.73
1832,12/19/2017,$58.01
1833,12/18/2017,$58.03
1834,12/15/2017,$58.29
1835,12/14/2017,$59.70
1836,12/13/2017,$59.49
1837,12/12/2017,$59.27
1838,12/11/2017,$59.07
1839,12/8/2017,$58.61
1840,12/7/2017,$59.14
1841,12/6/2017,$59.28
1842,12/5/2017,$59.34
1843,12/4/2017,$58.76
1844,12/1/2017,$57.32
1845,11/30/2017,$57.82
1846,11/29/2017,$57.51
1847,11/28/2017,$56.66
1848,11/27/2017,$55.91
1849,11/24/2017,$56.80
1850,11/22/2017,$57.14
1851,11/21/2017,$57.26
1852,11/20/2017,$56.81
1853,11/17/2017,$56.93
1854,11/16/2017,$57.24
1855,11/15/2017,$56.70
1856,11/14/2017,$56.93
1857,11/13/2017,$56.64
1858,11/10/2017,$57.04
1859,11/9/2017,$57.36
1860,11/8/2017,$57.91
1861,11/7/2017,$57.22
1862,11/6/2017,$56.57
1863,11/3/2017,$56.03
1864,11/2/2017,$54.87
1865,11/1/2017,$55.13
1866,10/31/2017,$54.84
1867,10/30/2017,$55.17
1868,10/27/2017,$54.88
1869,10/26/2017,$54.91
1870,10/25/2017,$54.16
1871,10/24/2017,$54.28
1872,10/23/2017,$54.27
1873,10/20/2017,$54.57
1874,10/19/2017,$55.40
1875,10/18/2017,$55.21
1876,10/17/2017,$54.51
1877,10/16/2017,$54.91
1878,10/13/2017,$55.72
1879,10/12/2017,$55.97
1880,10/11/2017,$55.64
1881,10/10/2017,$55.42
1882,10/9/2017,$55.02
1883,10/6/2017,$55.17
1884,10/5/2017,$54.60
1885,10/4/2017,$53.93
1886,10/3/2017,$53.99
1887,10/2/2017,$53.81
1888,9/29/2017,$53.71
1889,9/28/2017,$54.50
1890,9/27/2017,$54.99
1891,9/26/2017,$55.13
1892,9/25/2017,$54.95
1893,9/22/2017,$55.09
1894,9/21/2017,$55.01
1895,9/20/2017,$55.15
1896,9/19/2017,$54.62
1897,9/18/2017,$54.69
1898,9/15/2017,$54.67
1899,9/14/2017,$54.53
1900,9/13/2017,$54.29
1901,9/12/2017,$53.54
1902,9/11/2017,$54.02
1903,9/8/2017,$53.49
1904,9/7/2017,$53.47
1905,9/6/2017,$54.31
1906,9/5/2017,$55.13
1907,9/1/2017,$54.93
1908,8/31/2017,$54.86
1909,8/30/2017,$54.52
1910,8/29/2017,$54.10
1911,8/28/2017,$54.40
1912,8/25/2017,$54.36
1913,8/24/2017,$53.94
1914,8/23/2017,$54.08
1915,8/22/2017,$54.45
1916,8/21/2017,$53.15
1917,8/18/2017,$52.70
1918,8/17/2017,$53.04
1919,8/16/2017,$53.50
1920,8/15/2017,$53.15
1921,8/14/2017,$53.22
1922,8/11/2017,$53.18
1923,8/10/2017,$53.07
1924,8/9/2017,$53.74
1925,8/8/2017,$54.52
1926,8/7/2017,$55.63
1927,8/4/2017,$55.44
1928,8/3/2017,$55.68
1929,8/2/2017,$55.43
1930,8/1/2017,$54.73
1931,7/31/2017,$53.98
1932,7/28/2017,$54.00
1933,7/27/2017,$59.50
1934,7/26/2017,$57.94
1935,7/25/2017,$58.55
1936,7/24/2017,$58.02
1937,7/21/2017,$57.98
1938,7/20/2017,$58.03
1939,7/19/2017,$58.11
1940,7/18/2017,$58.21
1941,7/17/2017,$58.33
1942,7/14/2017,$58.76
1943,7/13/2017,$58.38
1944,7/12/2017,$58.54
1945,7/11/2017,$57.90
1946,7/10/2017,$57.81
1947,7/7/2017,$58.04
1948,7/6/2017,$57.60
1949,7/5/2017,$57.94
1950,7/3/2017,$58.25
1951,6/30/2017,$58.31
1952,6/29/2017,$58.36
1953,6/28/2017,$59.18
1954,6/27/2017,$58.96
1955,6/26/2017,$59.64
1956,6/23/2017,$59.81
1957,6/22/2017,$59.51
1958,6/21/2017,$59.96
1959,6/20/2017,$59.86
1960,6/19/2017,$60.90
1961,6/16/2017,$60.14
1962,6/15/2017,$60.09
1963,6/14/2017,$60.27
1964,6/13/2017,$60.92
1965,6/12/2017,$61.29
1966,6/9/2017,$62.19
1967,6/8/2017,$62.24
1968,6/7/2017,$63.50
1969,6/6/2017,$64.16
1970,6/5/2017,$64.27
1971,6/2/2017,$64.57
1972,6/1/2017,$63.75
1973,5/31/2017,$63.61
1974,5/30/2017,$63.26
1975,5/26/2017,$63.30
1976,5/25/2017,$62.90
1977,5/24/2017,$61.89
1978,5/23/2017,$61.15
1979,5/22/2017,$61.23
1980,5/19/2017,$61.36
1981,5/18/2017,$59.82
1982,5/17/2017,$59.73
1983,5/16/2017,$59.98
1984,5/15/2017,$60.45
1985,5/12/2017,$59.93
1986,5/11/2017,$60.27
1987,5/10/2017,$60.66
1988,5/9/2017,$60.98
1989,5/8/2017,$60.94
1990,5/5/2017,$60.95
1991,5/4/2017,$60.83
1992,5/3/2017,$60.59
1993,5/2/2017,$60.50
1994,5/1/2017,$60.18
1995,4/28/2017,$60.06
1996,4/27/2017,$61.30
1997,4/26/2017,$61.56
1998,4/25/2017,$60.96
1999,4/24/2017,$61.11
2000,4/21/2017,$60.61
2001,4/20/2017,$60.08
2002,4/19/2017,$59.04
2003,4/18/2017,$58.35
2004,4/17/2017,$58.08
2005,4/13/2017,$57.51
2006,4/12/2017,$57.58
2007,4/11/2017,$57.88
2008,4/10/2017,$57.95
2009,4/7/2017,$58.02
2010,4/6/2017,$57.92
2011,4/5/2017,$58.22
2012,4/4/2017,$58.32
2013,4/3/2017,$58.44
2014,3/31/2017,$58.39
2015,3/30/2017,$58.16
2016,3/29/2017,$57.54
2017,3/28/2017,$57.35
2018,3/27/2017,$57.23
2019,3/24/2017,$56.81
2020,3/23/2017,$55.85
2021,3/22/2017,$55.89
2022,3/21/2017,$55.54
2023,3/20/2017,$55.81
2024,3/17/2017,$55.78
2025,3/16/2017,$54.80
2026,3/15/2017,$54.54
2027,3/14/2017,$54.27
2028,3/13/2017,$54.63
2029,3/10/2017,$54.53
2030,3/9/2017,$55.19
2031,3/8/2017,$55.74
2032,3/7/2017,$56.20
2033,3/6/2017,$56.68
2034,3/3/2017,$57.10
2035,3/2/2017,$57.12
2036,3/1/2017,$57.14
2037,2/28/2017,$56.87
2038,2/27/2017,$56.78
2039,2/24/2017,$57.48
2040,2/23/2017,$57.64
2041,2/22/2017,$57.57
2042,2/21/2017,$57.54
2043,2/17/2017,$57.35
2044,2/16/2017,$56.73
2045,2/15/2017,$56.86
2046,2/14/2017,$56.58
2047,2/13/2017,$56.11
2048,2/10/2017,$56.22
2049,2/9/2017,$55.81
2050,2/8/2017,$55.22
2051,2/7/2017,$55.24
2052,2/6/2017,$55.73
2053,2/3/2017,$55.06
2054,2/2/2017,$53.87
2055,2/1/2017,$53.90
2056,1/31/2017,$55.22
2057,1/30/2017,$55.90
2058,1/27/2017,$56.12
2059,1/26/2017,$58.46
2060,1/25/2017,$58.70
2061,1/24/2017,$58.44
2062,1/23/2017,$57.76
2063,1/20/2017,$57.66
2064,1/19/2017,$57.89
2065,1/18/2017,$58.45
2066,1/17/2017,$58.00
2067,1/13/2017,$57.85
2068,1/12/2017,$58.03
2069,1/11/2017,$58.10
2070,1/10/2017,$57.88
2071,1/9/2017,$58.20
2072,1/6/2017,$57.13
2073,1/5/2017,$56.46
2074,1/4/2017,$55.99
2075,1/3/2017,$55.35
2076,12/30/2016,$55.52
2077,12/29/2016,$56.32
2078,12/28/2016,$56.35
2079,12/27/2016,$56.86
2080,12/23/2016,$57.01
2081,12/22/2016,$57.11
2082,12/21/2016,$57.44
2083,12/20/2016,$57.70
2084,12/19/2016,$57.65
2085,12/16/2016,$57.66
2086,12/15/2016,$57.71
2087,12/14/2016,$58.75
2088,12/13/2016,$59.31
2089,12/12/2016,$58.77
2090,12/9/2016,$58.75
2091,12/8/2016,$58.65
2092,12/7/2016,$58.76
2093,12/6/2016,$57.44
2094,12/5/2016,$57.50
2095,12/2/2016,$57.21
2096,12/1/2016,$58.51
2097,11/30/2016,$57.97
2098,11/29/2016,$58.17
2099,11/28/2016,$57.59
2100,11/25/2016,$57.43
2101,11/23/2016,$57.59
2102,11/22/2016,$57.12
2103,11/21/2016,$56.10
2104,11/18/2016,$55.77
2105,11/17/2016,$55.85
2106,11/16/2016,$55.44
2107,11/15/2016,$54.59
2108,11/14/2016,$54.22
2109,11/11/2016,$53.93
2110,11/10/2016,$53.57
2111,11/9/2016,$54.58
2112,11/8/2016,$54.62
2113,11/7/2016,$54.49
2114,11/4/2016,$52.75
2115,11/3/2016,$51.77
2116,11/2/2016,$52.98
2117,11/1/2016,$52.50
2118,10/31/2016,$53.07
2119,10/28/2016,$53.53
2120,10/27/2016,$53.59
2121,10/26/2016,$53.63
2122,10/25/2016,$53.67
2123,10/24/2016,$54.18
2124,10/21/2016,$53.63
2125,10/20/2016,$53.59
2126,10/19/2016,$53.15
2127,10/18/2016,$52.61
2128,10/17/2016,$52.76
2129,10/14/2016,$53.08
2130,10/13/2016,$52.95
2131,10/12/2016,$53.16
2132,10/11/2016,$52.92
2133,10/10/2016,$53.30
2134,10/7/2016,$53.46
2135,10/6/2016,$53.14
2136,10/5/2016,$53.35
2137,10/4/2016,$53.53
2138,10/3/2016,$53.84
2139,9/30/2016,$54.14
2140,9/29/2016,$53.45
2141,9/28/2016,$53.98
2142,9/27/2016,$54.19
2143,9/26/2016,$54.04
2144,9/23/2016,$54.43
2145,9/22/2016,$54.39
2146,9/21/2016,$53.98
2147,9/20/2016,$53.30
2148,9/19/2016,$53.01
2149,9/16/2016,$53.74
2150,9/15/2016,$54.11
2151,9/14/2016,$53.90
2152,9/13/2016,$53.98
2153,9/12/2016,$54.71
2154,9/9/2016,$54.35
2155,9/8/2016,$55.30
2156,9/7/2016,$56.32
2157,9/6/2016,$56.02
2158,9/2/2016,$56.18
2159,9/1/2016,$56.31
2160,8/31/2016,$56.23
2161,8/30/2016,$56.40
2162,8/29/2016,$56.80
2163,8/26/2016,$57.29
2164,8/25/2016,$57.29
2165,8/24/2016,$57.09
2166,8/23/2016,$56.40
2167,8/22/2016,$55.85
2168,8/19/2016,$54.94
2169,8/18/2016,$55.53
2170,8/17/2016,$55.80
2171,8/16/2016,$55.37
2172,8/15/2016,$55.25
2173,8/12/2016,$55.47
2174,8/11/2016,$55.47
2175,8/10/2016,$55.62
2176,8/9/2016,$55.20
2177,8/8/2016,$55.36
2178,8/5/2016,$55.90
2179,8/4/2016,$55.42
2180,8/3/2016,$55.94
2181,8/2/2016,$56.73
2182,8/1/2016,$57.63
2183,7/29/2016,$58.05
2184,7/28/2016,$58.21
2185,7/27/2016,$57.85
2186,7/26/2016,$58.31
2187,7/25/2016,$57.95
2188,7/22/2016,$57.90
2189,7/21/2016,$57.60
2190,7/20/2016,$57.54
2191,7/19/2016,$56.76
2192,7/18/2016,$56.92
2193,7/15/2016,$57.41
2194,7/14/2016,$57.59
2195,7/13/2016,$56.48
2196,7/12/2016,$57.48
2197,7/11/2016,$56.32
2198,7/8/2016,$56.51
2199,7/7/2016,$56.91
2200,7/6/2016,$56.75
2201,7/5/2016,$56.77
2202,7/1/2016,$56.99
2203,6/30/2016,$57.12
2204,6/29/2016,$56.74
2205,6/28/2016,$54.85
2206,6/27/2016,$53.69
2207,6/24/2016,$54.68
2208,6/23/2016,$56.13
2209,6/22/2016,$55.61
2210,6/21/2016,$55.81
2211,6/20/2016,$55.38
2212,6/17/2016,$55.31
2213,6/16/2016,$55.53
2214,6/15/2016,$55.35
2215,6/14/2016,$55.57
2216,6/13/2016,$55.04
2217,6/10/2016,$54.87
2218,6/9/2016,$55.58
2219,6/8/2016,$55.22
2220,6/7/2016,$55.30
2221,6/6/2016,$55.59
2222,6/3/2016,$54.61
2223,6/2/2016,$54.62
2224,6/1/2016,$54.82
2225,5/31/2016,$54.89
2226,5/27/2016,$55.15
2227,5/26/2016,$55.29
2228,5/25/2016,$55.15
2229,5/24/2016,$55.44
2230,5/23/2016,$54.60
2231,5/20/2016,$54.62
2232,5/19/2016,$54.55
2233,5/18/2016,$54.80
2234,5/17/2016,$54.88
2235,5/16/2016,$55.53
2236,5/13/2016,$55.82
2237,5/12/2016,$56.30
2238,5/11/2016,$56.23
2239,5/10/2016,$57.49
2240,5/9/2016,$56.64
2241,5/6/2016,$56.31
2242,5/5/2016,$56.25
2243,5/4/2016,$56.39
2244,5/3/2016,$56.25
2245,5/2/2016,$57.36
2246,4/29/2016,$56.23
2247,4/28/2016,$56.42
2248,4/27/2016,$56.90
2249,4/26/2016,$57.72
2250,4/25/2016,$57.77
2251,4/22/2016,$57.68
2252,4/21/2016,$60.64
2253,4/20/2016,$60.90
2254,4/19/2016,$60.90
2255,4/18/2016,$60.89
2256,4/15/2016,$60.51
2257,4/14/2016,$60.13
2258,4/13/2016,$60.21
2259,4/12/2016,$59.50
2260,4/11/2016,$60.90
2261,4/8/2016,$61.04
2262,4/7/2016,$61.17
2263,4/6/2016,$60.83
2264,4/5/2016,$60.04
2265,4/4/2016,$60.25
2266,4/1/2016,$61.02
2267,3/31/2016,$59.70
2268,3/30/2016,$60.01
2269,3/29/2016,$59.55
2270,3/28/2016,$58.96
2271,3/24/2016,$58.36
2272,3/23/2016,$58.83
2273,3/22/2016,$59.38
2274,3/21/2016,$59.10
2275,3/18/2016,$59.70
2276,3/17/2016,$59.55
2277,3/16/2016,$59.67
2278,3/15/2016,$59.08
2279,3/14/2016,$58.65
2280,3/11/2016,$57.59
2281,3/10/2016,$57.52
2282,3/9/2016,$57.07
2283,3/8/2016,$57.60
2284,3/7/2016,$58.00
2285,3/4/2016,$58.70
2286,3/3/2016,$59.04
2287,3/2/2016,$59.56
2288,3/1/2016,$60.04
2289,2/29/2016,$58.21
2290,2/26/2016,$58.34
2291,2/25/2016,$58.75
2292,2/24/2016,$58.11
2293,2/23/2016,$58.46
2294,2/22/2016,$58.87
2295,2/19/2016,$57.67
2296,2/18/2016,$56.96
2297,2/17/2016,$57.63
2298,2/16/2016,$56.41
2299,2/12/2016,$55.86
2300,2/11/2016,$54.92
2301,2/10/2016,$55.14
2302,2/9/2016,$54.42
2303,2/8/2016,$54.14
2304,2/5/2016,$54.49
2305,2/4/2016,$58.29
2306,2/3/2016,$59.53
2307,2/2/2016,$60.70
2308,2/1/2016,$61.40
2309,1/29/2016,$60.77
2310,1/28/2016,$59.29
2311,1/27/2016,$57.63
2312,1/26/2016,$58.61
2313,1/25/2016,$57.71
2314,1/22/2016,$59.17
2315,1/21/2016,$59.03
2316,1/20/2016,$56.92
2317,1/19/2016,$58.55
2318,1/15/2016,$58.00
2319,1/14/2016,$58.98
2320,1/13/2016,$57.87
2321,1/12/2016,$59.46
2322,1/11/2016,$57.82
2323,1/8/2016,$56.63
2324,1/7/2016,$56.69
2325,1/6/2016,$58.13
2326,1/5/2016,$58.65
2327,1/4/2016,$58.26
2328,12/31/2015,$60.03
2329,12/30/2015,$60.82
2330,12/29/2015,$61.13
2331,12/28/2015,$60.19
2332,12/24/2015,$60.32
2333,12/23/2015,$60.34
2334,12/22/2015,$59.99
2335,12/21/2015,$59.54
2336,12/18/2015,$58.62
2337,12/17/2015,$59.52
2338,12/16/2015,$60.35
2339,12/15/2015,$59.98
2340,12/14/2015,$59.92
2341,12/11/2015,$59.82
2342,12/10/2015,$61.87
2343,12/9/2015,$61.18
2344,12/8/2015,$62.16
2345,12/7/2015,$61.89
2346,12/4/2015,$61.75
2347,12/3/2015,$59.55
2348,12/2/2015,$61.22
2349,12/1/2015,$61.37
2350,11/30/2015,$61.39
2351,11/27/2015,$62.18
2352,11/25/2015,$62.19
2353,11/24/2015,$61.96
2354,11/23/2015,$62.64
2355,11/20/2015,$61.99
2356,11/19/2015,$61.46
2357,11/18/2015,$61.80
2358,11/17/2015,$60.55
2359,11/16/2015,$60.68
2360,11/13/2015,$59.74
2361,11/12/2015,$61.07
2362,11/11/2015,$61.87
2363,11/10/2015,$62.18
2364,11/9/2015,$61.34
2365,11/6/2015,$61.97
2366,11/5/2015,$62.28
2367,11/4/2015,$61.96
2368,11/3/2015,$62.80
2369,11/2/2015,$62.24
2370,10/30/2015,$62.57
2371,10/29/2015,$62.50
2372,10/28/2015,$63.51
2373,10/27/2015,$62.71
2374,10/26/2015,$63.43
2375,10/23/2015,$62.61
2376,10/22/2015,$61.49
2377,10/21/2015,$60.53
2378,10/20/2015,$60.88
2379,10/19/2015,$60.97
2380,10/16/2015,$59.93
2381,10/15/2015,$59.69
2382,10/14/2015,$58.82
2383,10/13/2015,$60.16
2384,10/12/2015,$60.54
2385,10/9/2015,$60.07
2386,10/8/2015,$59.46
2387,10/7/2015,$58.78
2388,10/6/2015,$58.69
2389,10/5/2015,$59.04
2390,10/2/2015,$58.08
2391,10/1/2015,$57.48
2392,9/30/2015,$56.84
2393,9/29/2015,$55.72
2394,9/28/2015,$55.77
2395,9/25/2015,$57.99
2396,9/24/2015,$58.37
2397,9/23/2015,$57.79
2398,9/22/2015,$57.12
2399,9/21/2015,$57.54
2400,9/18/2015,$56.84
2401,9/17/2015,$57.28
2402,9/16/2015,$57.26
2403,9/15/2015,$56.91
2404,9/14/2015,$56.29
2405,9/11/2015,$56.53
2406,9/10/2015,$55.37
2407,9/9/2015,$54.69
2408,9/8/2015,$55.21
2409,9/4/2015,$54.28
2410,9/3/2015,$54.69
2411,9/2/2015,$55.26
2412,9/1/2015,$53.50
2413,8/31/2015,$54.71
2414,8/28/2015,$55.63
2415,8/27/2015,$55.95
2416,8/26/2015,$53.96
2417,8/25/2015,$51.09
2418,8/24/2015,$50.34
2419,8/21/2015,$52.84
2420,8/20/2015,$55.81
2421,8/19/2015,$57.59
2422,8/18/2015,$57.83
2423,8/17/2015,$57.74
2424,8/14/2015,$57.10
2425,8/13/2015,$56.85
2426,8/12/2015,$56.38
2427,8/11/2015,$56.35
2428,8/10/2015,$56.27
2429,8/7/2015,$57.20
2430,8/6/2015,$57.23
2431,8/5/2015,$59.01
2432,8/4/2015,$58.70
2433,8/3/2015,$58.19
2434,7/31/2015,$57.93
2435,7/30/2015,$58.06
2436,7/29/2015,$57.51
2437,7/28/2015,$57.14
2438,7/27/2015,$56.98
2439,7/24/2015,$57.29
2440,7/23/2015,$56.56
2441,7/22/2015,$56.69
2442,7/21/2015,$56.20
2443,7/20/2015,$56.21
2444,7/17/2015,$55.69
2445,7/16/2015,$55.74
2446,7/15/2015,$55.34
2447,7/14/2015,$55.75
2448,7/13/2015,$55.70
2449,7/10/2015,$54.57
2450,7/9/2015,$54.05
2451,7/8/2015,$53.39
2452,7/7/2015,$54.38
2453,7/6/2015,$54.31
2454,7/2/2015,$54.24
2455,7/1/2015,$53.89
2456,6/30/2015,$53.62
2457,6/29/2015,$53.55
2458,6/26/2015,$54.62
2459,6/25/2015,$54.07
2460,6/24/2015,$53.71
2461,6/23/2015,$54.12
2462,6/22/2015,$53.90
2463,6/19/2015,$53.93
2464,6/18/2015,$54.11
2465,6/17/2015,$53.24
2466,6/16/2015,$52.97
2467,6/15/2015,$52.27
2468,6/12/2015,$52.63
2469,6/11/2015,$52.49
2470,6/10/2015,$52.69
2471,6/9/2015,$51.54
2472,6/8/2015,$51.53
2473,6/5/2015,$52.19
2474,6/4/2015,$51.72
2475,6/3/2015,$52.12
2476,6/2/2015,$51.73
2477,6/1/2015,$52.22
2478,5/29/2015,$51.96
2479,5/28/2015,$51.81
2480,5/27/2015,$51.59
2481,5/26/2015,$50.84
2482,5/22/2015,$51.48
2483,5/21/2015,$51.33
2484,5/20/2015,$51.03
2485,5/19/2015,$51.42
2486,5/18/2015,$51.18
2487,5/15/2015,$50.80
2488,5/14/2015,$50.56
2489,5/13/2015,$49.59
2490,5/12/2015,$49.71
2491,5/11/2015,$49.50
2492,5/8/2015,$49.78
2493,5/7/2015,$49.35
2494,5/6/2015,$48.93
2495,5/5/2015,$49.41
2496,5/4/2015,$50.45
2497,5/1/2015,$50.29
2498,4/30/2015,$49.58
2499,4/29/2015,$50.65
2500,4/28/2015,$50.61
2501,4/27/2015,$50.87
2502,4/24/2015,$51.84
2503,4/23/2015,$49.43
2504,4/22/2015,$48.34
2505,4/21/2015,$48.37
2506,4/20/2015,$47.97
2507,4/17/2015,$47.62
2508,4/16/2015,$48.25
2509,4/15/2015,$48.14
2510,4/14/2015,$48.30
2511,4/13/2015,$48.50
2512,4/10/2015,$48.17
2513,4/9/2015,$47.96
2514,4/8/2015,$47.62
2515,4/7/2015,$47.04
2516,4/6/2015,$47.26
